{
    "range_modifyer": 1.2,
    "range_shifter": 0.1,
    "range_limiter": 0.2,
    "range_width_max": 1500,
    "range_width_min": 500,
    "dyn_period_max": 360,
    "dyn_period_min": 240,
    "prev_mode": "D",
    "mode": "T",
    "slippage": 0.25,
    "teo_max": 2.971186477894462e-15,
    "teo_min": 6.0296994308945506e-12,
    "range_width": 689.0595739472519,
    "init_max": 2490,
    "init_min": 1801,
    "L_fee": 3000
}