{
    "range_modifyer": 1.2,
    "range_shifter": 0.05,
    "range_limiter": 0.15,
    "range_width_max": 1500,
    "range_width_min": 330,
    "range_width": 1194.3935999999999,
    "dyn_period_max": 96,
    "dyn_period_min": 24,
    "prev_mode": "D",
    "mode": "D",
    "slippage": 0.25,
    "teo_max": 2.971186477894462e-15,
    "teo_min": 6.0296994308945506e-12,
    "init_max": 3200,
    "init_min": 1500,
    "L_fee": 3000
}