{
    "range_modifyer": 1.2,
    "range_shifter": 0.05,
    "range_limiter": 0.15,
    "range_width_max": 1500,
    "range_width_min": 350,
    "range_width": 371.6666666666667,
    "dyn_period_max": 72,
    "dyn_period_min": 24,
    "prev_mode": "U",
    "mode": "T",
    "slippage": 0.25,
    "teo_max": 2.971186477894462e-15,
    "teo_min": 6.0296994308945506e-12,
    "L_fee": 3000
}